{"Linear Regression": {"RMSE": 1.673691890976227, "R2": 0.21114769912715392}, "Ridge Regression": {"RMSE": 1.6738463126983993, "R2": 0.2110021268732435}, "Lasso Regression": {"RMSE": 1.7687607205474718, "R2": 0.11898593265440605}, "Decision Tree Regressor": {"RMSE": 2.623423896585619, "R2": -0.9381242387332522}, "Random Forest Regressor": {"RMSE": 1.7417666860047245, "R2": 0.1456720161076448}, "Gradient Boosting Regressor": {"RMSE": 2.0239677475245363, "R2": -0.15359097006835443}, "XGBoost Regressor": {"RMSE": 2.128332323574027, "R2": -0.2756265633088768}}